CREATE DATABASE  IF NOT EXISTS `commonpjt` /*!40100 DEFAULT CHARACTER SET utf8mb4 COLLATE utf8mb4_0900_ai_ci */ /*!80016 DEFAULT ENCRYPTION='N' */;
USE `commonpjt`;
-- MySQL dump 10.13  Distrib 8.0.33, for Win64 (x86_64)
--
-- Host: i9b103.p.ssafy.io    Database: commonpjt
-- ------------------------------------------------------
-- Server version	8.0.34-0ubuntu0.20.04.1

/*!40101 SET @OLD_CHARACTER_SET_CLIENT=@@CHARACTER_SET_CLIENT */;
/*!40101 SET @OLD_CHARACTER_SET_RESULTS=@@CHARACTER_SET_RESULTS */;
/*!40101 SET @OLD_COLLATION_CONNECTION=@@COLLATION_CONNECTION */;
/*!50503 SET NAMES utf8 */;
/*!40103 SET @OLD_TIME_ZONE=@@TIME_ZONE */;
/*!40103 SET TIME_ZONE='+00:00' */;
/*!40014 SET @OLD_UNIQUE_CHECKS=@@UNIQUE_CHECKS, UNIQUE_CHECKS=0 */;
/*!40014 SET @OLD_FOREIGN_KEY_CHECKS=@@FOREIGN_KEY_CHECKS, FOREIGN_KEY_CHECKS=0 */;
/*!40101 SET @OLD_SQL_MODE=@@SQL_MODE, SQL_MODE='NO_AUTO_VALUE_ON_ZERO' */;
/*!40111 SET @OLD_SQL_NOTES=@@SQL_NOTES, SQL_NOTES=0 */;

--
-- Table structure for table `board`
--

DROP TABLE IF EXISTS `board`;
/*!40101 SET @saved_cs_client     = @@character_set_client */;
/*!50503 SET character_set_client = utf8mb4 */;
CREATE TABLE `board` (
  `board_seq` bigint NOT NULL AUTO_INCREMENT,
  `question` varchar(100) DEFAULT NULL,
  `left_answer` varchar(100) NOT NULL,
  `right_answer` varchar(100) NOT NULL,
  `ip` varchar(15) NOT NULL,
  `nickname` varchar(20) DEFAULT 'ssafy',
  `password` varchar(64) DEFAULT NULL,
  `like_count` int NOT NULL DEFAULT '0',
  `is_deleted` tinyint NOT NULL DEFAULT '0',
  `created_date` datetime NOT NULL DEFAULT CURRENT_TIMESTAMP,
  `last_modified_date` datetime NOT NULL DEFAULT CURRENT_TIMESTAMP,
  `deleted_date` datetime DEFAULT NULL,
  PRIMARY KEY (`board_seq`)
) ENGINE=InnoDB AUTO_INCREMENT=222 DEFAULT CHARSET=utf8mb4 COLLATE=utf8mb4_0900_ai_ci;
/*!40101 SET character_set_client = @saved_cs_client */;

--
-- Dumping data for table `board`
--

LOCK TABLES `board` WRITE;
/*!40000 ALTER TABLE `board` DISABLE KEYS */;
INSERT INTO `board` VALUES (190,'둘 중 더 싫은 상황은?','연차날 쏟아지는 업무 전화','퇴근 10분전 업무 받아서 야근','14.50.47.138','김장호','$2a$10$sicsXuJLMX93ulPClf.PjeUIvQq283OtGvm59MqhENAJkNsO.fGzC',20,1,'2023-08-08 17:15:57','2023-08-08 17:15:57','2023-08-17 15:55:17'),(191,'싸피 최고 기수는 몇 기?!','구레잇 9기','텐션업 10기','14.50.47.138','ssafy','$2a$10$VIRerQdgmrPViO4BpvqGju2cgUdWVF7J0IZ3aZ/Ggz2J6aqQK464K',70,0,'2023-08-08 17:47:23','2023-08-09 12:53:21',NULL),(197,'반드시 하나만 먹어야 한다면?','미지근해지다 못해 따뜻해진 냉면','식다못해 차가워진 라면','117.111.28.34','난안먹어','$2a$10$c9XJhVnhn0EY8B6fSVUxkuZJbSxrKYm2vzrk5NSyH241w2KZ/pEsy',10,0,'2023-08-09 12:58:44','2023-08-09 12:58:44',NULL),(198,'내 애인의 성격','극도로 예민한 애인\n','극도로 둔한 애인\n','117.111.28.34','솔로가 좋다','$2a$10$WrXmFAI1Z8BhXFn3b5xUm.ZmqkeB6e.P3IfxQ.dcfq8rtQr/xs3jO',30,0,'2023-08-09 13:00:41','2023-08-09 13:00:41',NULL),(199,'학창시절로 돌아간다면?','전교 1등이지만 친구 한명도 없음','전교 꼴등이지만 탑 인싸','117.111.28.34','잼민이','$2a$10$xpZ9xTc.i3QdbOjma/J.EOlyHU2nBXQ.AfmJ24C6mSfpnUNk1MbeW',20,0,'2023-08-09 13:02:08','2023-08-09 13:02:08',NULL),(200,'탕수육','찍먹','부먹','117.111.28.34','이거 그만좀 하자','$2a$10$NIJO.VeDOupfrVoyvaS8seHAusrG4hvReHa/ghirxAHkbCV.nJuua',10,0,'2023-08-09 13:03:05','2023-08-09 13:03:05',NULL),(201,'헬스장 꼴불견 원탑은?','벤치에 앉아 20분동안 폰 보는 사람','덤벨, 원판 쾅쾅! 내려놓은 사람','117.111.28.34','3대600','$2a$10$n8rhu53sMj6N8N7ZDIPDAeqElvCao/CmgV.yVAOsWnEJdB46LGP7.',20,0,'2023-08-09 13:05:45','2023-08-09 13:05:45',NULL),(202,'택1 필수라면?','상체 김종국 하체 이윤석','하체 김종국 상체 이윤석','223.62.150.42','마이 프로틴','$2a$10$Ign0aRdQq0k.Fdx6JcL3kO2BHJ39KsbLZFHGjqhcRzdPdrZDhzcmO',10,0,'2023-08-09 13:06:10','2023-08-09 13:07:01',NULL),(203,'롤 챔피언','내 주챔 너프 씨게먹기','내 카운터챔 버프 씨게먹기','117.111.28.34','우직한트린','$2a$10$pRLGSL14ACBcA3lvspbFZewjliEl90UTltKKbK9tID7Hr1IoqEOJC',20,0,'2023-08-09 13:11:24','2023-08-09 13:11:24',NULL),(204,'초능력','눈물이 다이아로 변함','소변이 금으로 변함','223.62.150.42','억만장자','$2a$10$IYi3vvRd28l5YOYxIbXY7.U1PzahkQxr.15bZkjooVvGzPjYJ078G',50,0,'2023-08-09 13:12:01','2023-08-09 13:12:01',NULL),(205,'원작이 존재하는 영화는?','원작 먼저 보기',' 상영하는 영화 먼저 보기','117.111.28.34','스티븐스필버그','$2a$10$nskK8rE7tnsggCcMULhiu.93qNYDNbRH6lAp9xe6VI82pIIFSEpvS',20,0,'2023-08-09 13:19:07','2023-08-09 13:19:07',NULL),(206,'내 최애 아이돌','르세라핌','아이브','117.111.28.34','에스파파','$2a$10$lso6laIWW.8jAYeDNH56.ekrm.OIk34yLZ0ND5DKDaF6xXO5RTfEq',30,0,'2023-08-09 13:19:52','2023-08-09 13:19:52',NULL),(207,'정현모는 ??이다','깜찍이','앙큼이','223.33.178.182','정현모','$2a$10$0UwrjcEM/bPcoSqrIri8zODvpQvbXpMKTvfM8ot2pPdzdMNvp1Zy2',1321,0,'2023-08-09 14:03:01','2023-08-09 14:03:01',NULL),(208,'','민트초코 아이스크림으로 양치하기','치약먹기','106.102.142.93','9기화이팅!','$2a$10$5xgpS2b5xkwQ8itnjjCXx.IlNB7jH2rwaCLkn4xJPZORQLrqJ4V7S',1,1,'2023-08-09 15:35:16','2023-08-09 15:35:16','2023-08-16 20:53:04'),(209,'특화 프로젝트 설문조사','핀테크','인공지능/빅데이터','211.36.148.234','프친남','$2a$10$XgS4h5XYYTLAZSS46A4W0.uL7/TNRKbR3B.LieVsIKgknPDBAgQWm',90,0,'2023-08-09 15:36:59','2023-08-09 15:36:59',NULL),(210,'둘 중 한 명으로 산다면??','키 150cm 차은우','키 185cm 조세호','106.101.130.236','김용범','$2a$10$P4syHOzzYysMmWeMWpCFMeTbG60zlUP4PIAJtFPim8iC4v79uaBeK',62,0,'2023-08-09 15:42:25','2023-08-09 15:42:25',NULL),(211,'더 최악의 상황은?','면접 볼 때 옆 사람이 넘사벽 스펙','면접 볼 때 면접관이 전 애인','14.50.47.138','ssafy','$2a$10$KomODEdL61TDgck1GYlnYucarszMeR11akzY4NGmDg8G51x3cYYUG',60,1,'2023-08-10 11:11:11','2023-08-10 11:11:11','2023-08-18 02:03:32'),(212,'더 최악의 상황은?','면접 볼 때 옆 사람이 넘사벽 스펙','면접 볼 때 면접관이 전    애인','211.36.137.123','취뽀가즈아','$2a$10$xiNIpaCdwfQWygPiFrd1V.ncxCQ1IMNvkp0MSeoMmEiXwT7tQr6Uy',66,0,'2023-08-10 11:34:49','2023-08-10 11:36:00',NULL),(214,'둘 중 하나를 선택해야 한다면','일주일 동안 머리 못 감기','일주일 동안 샤워 못하기','58.141.147.156','꼬질이','$2a$10$bQzSNavMbYX4atmsY3FzneIT3CuklAsQBHPwLkO2Qcj7EuTwwhx32',1514,0,'2023-08-10 20:53:34','2023-08-10 20:53:34',NULL),(215,'더 피하고 싶은 애인의 성격은?','내가 하는 말 하나하나 의미부여해서 혼자 섭섭해 하는 애인','내가 하는 말 한귀로 흘려서 기억하는 거 하나도 없는 애인','14.50.47.169','누구든연애나하고싶다','$2a$10$/1gk2NCA7VvMli6p9MnsLOL6YSzU3WBPwavCYBMMZfQGDw20jw6Cm',21,0,'2023-08-11 09:36:19','2023-08-11 09:36:19',NULL),(216,'','똥안먹었는데 똥먹었다고 전국적으로 소문나기 뉴스에도 나옴','똥 한숟가락 먹고 아무일도 일어나지 않기','223.38.72.202','옹','$2a$10$0I48CK/KxJdjr7HK4ioOsu1ItlZokzyecvFVDNoX9Ke93sGTvJpzC',5,1,'2023-08-11 19:59:40','2023-08-11 19:59:40','2023-08-16 20:52:53'),(217,'관리자 삭제 테스트','1','2','180.224.134.28','이대건','$2a$10$qtUMHRriMoEIAq3wwv1A4OB1JlO5m7wFcbRQwTfTIt.69JSHg1H72',0,1,'2023-08-12 21:27:20','2023-08-12 21:27:20','2023-08-12 21:27:28'),(218,'리팩토링','글 수정 ','1','220.123.151.121','ssafy','$2a$10$9u67pQLL7a6pClpwfCFZpOq451.kKNurqq4gUn544.25VOL7FA9Ty',0,1,'2023-08-13 17:04:28','2023-08-13 17:13:36','2023-08-14 17:33:15'),(219,'주4일제 출근한다면?','금토일 쉰다\n연속 3일 쉬기 개꿀이지','수 토일 쉰다!\n이틀출근 개꿀이지','211.235.64.41','베짱이','$2a$10$IQPbYUy0riCGnGrcpBZjt.syUF74GXCC99DzjENgL2t.he/Ikpg.W',4,0,'2023-08-14 11:14:07','2023-08-14 11:14:07',NULL),(220,'둘 중 하나를 선택해야 한다면?','일주일 동안 머리 못 감기','일주일동안 샤워 못하기','172.226.95.46','꼬질이','$2a$10$TqeTmDjT/.KIlx0tJcK12O3YtuY8BHXiGHKxqYv9qU06AfoBdRpU2',2,1,'2023-08-15 16:41:26','2023-08-15 16:41:26','2023-08-18 02:04:41'),(221,'ㅎㅇ!','안녕','하세요','211.192.210.164','김싸피','$2a$10$Hqazs7jMVn7IInvOQbfnfOYUMTo5LRM5KhFSUayqMgMokZ6io/fNy',1,1,'2023-08-16 16:09:18','2023-08-16 16:09:18','2023-08-18 02:02:59');
/*!40000 ALTER TABLE `board` ENABLE KEYS */;
UNLOCK TABLES;

--
-- Table structure for table `board_category`
--

DROP TABLE IF EXISTS `board_category`;
/*!40101 SET @saved_cs_client     = @@character_set_client */;
/*!50503 SET character_set_client = utf8mb4 */;
CREATE TABLE `board_category` (
  `board_category_seq` bigint NOT NULL AUTO_INCREMENT,
  `board_seq` bigint NOT NULL,
  `category_seq` bigint NOT NULL,
  `create_date` datetime NOT NULL DEFAULT CURRENT_TIMESTAMP,
  PRIMARY KEY (`board_category_seq`),
  KEY `fk_board_seq_idx` (`board_seq`),
  KEY `fk_category_seq_idx` (`category_seq`),
  CONSTRAINT `board_seq_fk` FOREIGN KEY (`board_seq`) REFERENCES `board` (`board_seq`) ON DELETE CASCADE ON UPDATE CASCADE,
  CONSTRAINT `category_seq_fk` FOREIGN KEY (`category_seq`) REFERENCES `category` (`category_seq`) ON DELETE CASCADE ON UPDATE CASCADE
) ENGINE=InnoDB AUTO_INCREMENT=182 DEFAULT CHARSET=utf8mb4 COLLATE=utf8mb4_0900_ai_ci;
/*!40101 SET character_set_client = @saved_cs_client */;

--
-- Dumping data for table `board_category`
--

LOCK TABLES `board_category` WRITE;
/*!40000 ALTER TABLE `board_category` DISABLE KEYS */;
INSERT INTO `board_category` VALUES (131,190,12,'2023-08-08 17:15:57'),(144,197,9,'2023-08-09 12:58:44'),(145,198,8,'2023-08-09 13:00:41'),(146,199,12,'2023-08-09 13:02:08'),(147,200,9,'2023-08-09 13:03:05'),(148,201,6,'2023-08-09 13:05:45'),(151,202,6,'2023-08-09 13:06:10'),(152,203,7,'2023-08-09 13:11:24'),(153,204,11,'2023-08-09 13:12:01'),(154,205,10,'2023-08-09 13:19:07'),(155,206,13,'2023-08-09 13:19:52'),(156,207,8,'2023-08-09 14:03:01'),(160,211,12,'2023-08-10 11:11:11'),(162,212,8,'2023-08-10 11:34:49'),(164,214,12,'2023-08-10 20:53:34'),(165,215,8,'2023-08-11 09:36:19'),(167,217,9,'2023-08-12 21:27:20'),(170,218,10,'2023-08-13 17:04:28'),(174,191,5,'2023-08-17 13:35:55'),(175,208,5,'2023-08-17 13:35:55'),(176,209,5,'2023-08-17 13:35:55'),(177,210,5,'2023-08-17 13:35:55'),(178,216,5,'2023-08-17 13:35:55'),(179,219,5,'2023-08-17 13:35:55'),(180,220,5,'2023-08-17 13:35:55'),(181,221,5,'2023-08-17 13:35:55');
/*!40000 ALTER TABLE `board_category` ENABLE KEYS */;
UNLOCK TABLES;

--
-- Table structure for table `category`
--

DROP TABLE IF EXISTS `category`;
/*!40101 SET @saved_cs_client     = @@character_set_client */;
/*!50503 SET character_set_client = utf8mb4 */;
CREATE TABLE `category` (
  `category_seq` bigint NOT NULL AUTO_INCREMENT,
  `item` varchar(10) NOT NULL,
  `created_date` datetime NOT NULL DEFAULT CURRENT_TIMESTAMP,
  PRIMARY KEY (`category_seq`)
) ENGINE=InnoDB AUTO_INCREMENT=18 DEFAULT CHARSET=utf8mb4 COLLATE=utf8mb4_0900_ai_ci;
/*!40101 SET character_set_client = @saved_cs_client */;

--
-- Dumping data for table `category`
--

LOCK TABLES `category` WRITE;
/*!40000 ALTER TABLE `category` DISABLE KEYS */;
INSERT INTO `category` VALUES (5,'기타','2023-08-17 13:00:20'),(6,'스포츠','2023-08-06 20:49:10'),(7,'게임','2023-08-06 20:49:14'),(8,'연애','2023-08-06 20:50:02'),(9,'음식','2023-08-06 20:50:10'),(10,'영화','2023-08-06 20:50:40'),(11,'능력','2023-08-06 20:51:13'),(12,'상황','2023-08-06 20:51:19'),(13,'연예인','2023-08-06 20:57:07');
/*!40000 ALTER TABLE `category` ENABLE KEYS */;
UNLOCK TABLES;

--
-- Table structure for table `comment`
--

DROP TABLE IF EXISTS `comment`;
/*!40101 SET @saved_cs_client     = @@character_set_client */;
/*!50503 SET character_set_client = utf8mb4 */;
CREATE TABLE `comment` (
  `comment_seq` bigint NOT NULL AUTO_INCREMENT,
  `is_child` tinyint NOT NULL,
  `ip` varchar(15) NOT NULL,
  `nickname` varchar(20) DEFAULT 'ssafy',
  `password` varchar(64) NOT NULL,
  `parent_id` bigint DEFAULT NULL,
  `is_deleted` tinyint DEFAULT '0',
  `created_date` datetime NOT NULL DEFAULT CURRENT_TIMESTAMP,
  `deleted_datetime` datetime DEFAULT NULL,
  `board_seq` bigint NOT NULL,
  `content` varchar(100) NOT NULL,
  PRIMARY KEY (`comment_seq`),
  KEY `fk_board_seq_idx` (`board_seq`),
  CONSTRAINT `fk_board_seq` FOREIGN KEY (`board_seq`) REFERENCES `board` (`board_seq`) ON DELETE CASCADE ON UPDATE CASCADE
) ENGINE=InnoDB AUTO_INCREMENT=186 DEFAULT CHARSET=utf8mb4 COLLATE=utf8mb4_0900_ai_ci;
/*!40101 SET character_set_client = @saved_cs_client */;

--
-- Dumping data for table `comment`
--

LOCK TABLES `comment` WRITE;
/*!40000 ALTER TABLE `comment` DISABLE KEYS */;
INSERT INTO `comment` VALUES (128,0,'117.111.28.34','9기대장','$2a$10$izA9RwlWQrQv6YCANbzBVuOoyF7XTLCDVaIP2ZpwEfAv2dcFK.vwa',NULL,0,'2023-08-09 12:47:34',NULL,191,'ㅋㅋㅋㅋ9기가 최고지'),(129,1,'117.111.28.34','뉴페이스','$2a$10$QA4dnvnxKkBNYCV2piw4gedb97dOse3nUL0HyL9Upvq6i6tQL.ge.',128,0,'2023-08-09 12:49:18',NULL,191,'응 10기 못따라오쥬?'),(130,0,'117.111.28.34','부장님','$2a$10$9Y2wJeQmua9Ado.VogexAOVHDu8LcS9X09iI8GMQbHyzbHqFX4V2K',NULL,1,'2023-08-09 12:50:02','2023-08-17 15:55:17',190,'이게 고민할 주제인가...? 주인의식이 없네..'),(131,1,'117.111.28.34','MZ','$2a$10$ewuYzK8lx7yMxe0t9cp5de/WtL3bsNu3rlNpNuMpvpCfPDAoLynAa',130,1,'2023-08-09 12:50:16','2023-08-17 15:55:17',190,'꼰....'),(132,0,'223.62.150.42','냉라면','$2a$10$U1K6rD.Xu3ggm/Hl.bAILuGm7yPHX19Rl.e5bHaWU4M/EU6eBrszC',NULL,0,'2023-08-09 13:02:05',NULL,197,'무시하냐?'),(133,0,'223.62.150.42','비둘기','$2a$10$9KucrJuemo5SBF13tq0Yb./Z9tf54XwMEp2vjhv5aKxuW9M.QDCE.',NULL,0,'2023-08-09 13:03:06',NULL,191,'99..9999..99..'),(134,1,'223.62.150.42','ssafy','$2a$10$nwh8PhyQQqkdgF7xMKiBTeJ4UvHhnJ3xReAB5KN/MIKg63joFlj3m',132,0,'2023-08-09 13:04:25',NULL,197,'?'),(135,0,'172.226.94.40','커흘더','$2a$10$HgroE7L2IYbkH8FeKdIip.tBWTBa4IxThqtZh5mYdIyGfNmrfcBEu',NULL,0,'2023-08-09 13:16:04',NULL,198,'난 예민이가 좋아'),(136,0,'172.226.94.40','한강라면','$2a$10$FfwiizOLCDEvYMjVLLy03.9MyWvRoar1LVbyjhWtt6.EAJHqMtHu2',NULL,0,'2023-08-09 13:16:29',NULL,197,'난 뭐든 좋아'),(137,0,'172.226.94.40','벤치남','$2a$10$wdFdRM67XRBwFvdQ1y6GbOakWbwFO4ZMmKfuLHP3GVmpzTG9wTmYu',NULL,0,'2023-08-09 13:18:00',NULL,201,'거 원판좀 살살 놓읍시다.'),(138,0,'211.36.148.234','9기 ㅈㅇㅎㅋ','$2a$10$AjHYGnDRe/oxq0nuLZELaOqmgpYR8g3NsN3W.3DbocyNefbvkzw3O',NULL,0,'2023-08-09 13:18:11',NULL,202,'하체는 보일 일 없쟈나...'),(139,0,'172.226.94.40','소금쟁이','$2a$10$A4MAhR4IO9F/Xu5qj1Jg6eoxJUxkCfuYl/WLgJY.CnraVxOGLd91y',NULL,0,'2023-08-09 13:19:31',NULL,204,'소변이 금이 된게 소금 아님?'),(140,0,'172.226.94.40','7전8기','$2a$10$MKNtK8q4Ngc6z9u6mdtWVeG6I7nTUtfcEbKfxg.Rl6r5cFUf1kUKC',NULL,0,'2023-08-09 13:22:05',NULL,191,'???'),(141,0,'172.226.94.40','알파노','$2a$10$K/eWReVSUDUbCvFg75ZDd.qubH87eL0GfQ5NVCmFaZov9XlDgwBYC',NULL,1,'2023-08-09 13:24:19','2023-08-17 15:55:17',190,'대!'),(142,1,'172.226.94.40','알파노','$2a$10$az7K2ysb.RgHqxVeZzp0I.IDkCdmOOn8HQ8/BbsTYBxHgY7YY8/Ee',130,1,'2023-08-09 13:24:43','2023-08-17 15:55:17',190,'대!'),(143,1,'211.36.148.234','소은쟁이','$2a$10$.B3rHAoc0IzE14Fhjf0UhO1/CehOcXdXTf1fEDSSF3q7XPKcKEATe',139,0,'2023-08-09 13:25:33',NULL,204,'ㅋㅋㅋㅋㅋㅋㅋ'),(144,0,'172.226.94.40','뿌주부','$2a$10$W.7xK6olIGq31U410B3wo.3Va4hwsVyf.3XWELhT6GtnvjwV7f2RS',NULL,0,'2023-08-09 13:26:24',NULL,200,'탕수육은 볶아야쥬?'),(145,0,'172.226.94.40','민희진','$2a$10$PwodB2ObK9guM7xwXWCCu.NqcirT7A4MaVq0wku7YgwTV9NiasgXG',NULL,0,'2023-08-09 13:28:04',NULL,206,'뉴진스의 하입보이요'),(146,0,'223.33.178.182','익명','$2a$10$F20UYSZd3vwClYuZZSqD7et7.HlR7oyVOb9s1xz8AKD.znqy.foUK',NULL,0,'2023-08-09 14:07:25',NULL,207,'꼭 등록되었으면 좋겠어요'),(147,0,'118.235.24.76','현모짱','$2a$10$P/3bHGSHQEF/pjeXNWX21.WaX2wAIFBHQMqZ5g2MSF4qvdXM6VntW',NULL,0,'2023-08-09 14:07:38',NULL,207,'아무래도...현모는 깜찍이가 맞다'),(148,0,'117.111.28.34','귱금','$2a$10$aPyl2hFThAFSpnSqJXLJdubS2.00yyIuff/uHV27kGjSLNuexS0Im',NULL,0,'2023-08-09 14:29:44',NULL,207,'현모님 몇반이예요..?'),(149,1,'211.36.148.234','정현모','$2a$10$.3U.p2DzvBi3WKy5RR/hqO1kirjYfXwf.IBmKbzyXbKD5QuJJ88jS',148,0,'2023-08-09 14:30:08',NULL,207,'왜요.....?'),(150,1,'117.111.28.34','이수만','$2a$10$Mn6j78HpUU4imC/XzKEZ2.C2x5aB1tyoGCQdHNK9uXTX38qIxtvTK',145,0,'2023-08-09 14:30:42',NULL,206,'ㄴㅈ'),(151,1,'223.33.178.182','내가 진짜 정현모','$2a$10$qGcDsYSBx2oOXGh0AZYB3et9LrHa2mWWjHLaz8zr8BzcQ6EZTEaEu',148,1,'2023-08-09 14:35:36','2023-08-09 14:35:58',207,'당신 누구야'),(152,1,'223.33.178.182','내가진짜정현모','$2a$10$Xre.DIWD0/K.OhMqXyvBVeDYBQGbOd.XQPxXFAHbb06i0K4pQrV8S',148,0,'2023-08-09 14:36:26',NULL,207,'ㄴ 당신 누구야!'),(153,0,'223.62.178.84','익명','$2a$10$4PZfF5Zy/CFGqSEoFPAVZOKwFJbQtB9eNuOLVba.O5I7qjWgrpWLu',NULL,1,'2023-08-09 14:57:52','2023-08-11 16:25:29',206,'B코마치'),(154,0,'106.101.131.207','공주','$2a$10$P3rPEjppRV5iQ0R5ghx1COm4tWlzO9JusHhamffGeAgHxjAO6gLWW',NULL,1,'2023-08-09 15:07:36','2023-08-09 15:07:44',204,'고쳐주세요'),(155,0,'172.226.95.44','민초에미초','$2a$10$b7scELoqt4qksuKfiJ0KduwowzSaue.1.Gtt9mBaljp.JTes7Ew66',NULL,1,'2023-08-09 15:39:18','2023-08-16 20:53:04',208,'민초가 치약 아님?'),(156,0,'223.33.184.192','minchodan','$2a$10$j5sNfHVKWDNdMHonS4IatuCUE6./q3aCtyBRqTgq3yBtNdcHo.ie6',NULL,1,'2023-08-09 15:40:39','2023-08-16 20:53:04',208,'민초가 장난이야??'),(157,0,'172.226.95.44','일낸 머스크','$2a$10$OBIvyUIChvDryZqO0J1wGemDrUGRLv5YZDFeZq8JpNBkozreO1NK6',NULL,0,'2023-08-09 15:41:06',NULL,209,'로켓으로 화성 가즈아!'),(158,0,'211.36.148.234','빈지노 아내한테 미쵸봐','$2a$10$j/ZelSKrvLClYA7y51aqS.0VulUzMDNP6oXxds8ExsEBlk.ADLDla',NULL,1,'2023-08-09 15:41:08','2023-08-16 20:53:04',208,'민트초코 좋은거 아니에요??'),(159,0,'172.226.95.47','키180차은우','$2a$10$VtUsNhSAZrQGFHQLwaa4e.KxoTv3o5VP6Z9Aq0DpbBolxe0LV/giS',NULL,1,'2023-08-09 15:43:35','2023-08-12 17:55:39',210,'???'),(160,0,'118.235.24.26','일름보 머스크','$2a$10$rTlvO7BJcxgWDaVHUmO69O5/J9QaucOjBGQ7xPNvHdeTrmdJNcJOu',NULL,0,'2023-08-09 15:43:40',NULL,209,'화성으로 로켓 가즈아!'),(161,0,'211.36.148.234','ㅇㅇ','$2a$10$yRH2sWPuXS6okdzCmPG5b.Ui2Q/4jyU9AkKkL6h6B6WfjqT8znDsq',NULL,1,'2023-08-09 15:44:23','2023-08-12 17:53:48',210,'걍 얼굴 잘생기면 끝임 ㅋㅋ'),(162,1,'172.226.95.46','ssafy','$2a$10$brGhVHpFOKcEyooS6333bO7rxjw34yUGq7cyOeA68T8Noa7rsT56y',161,1,'2023-08-09 16:20:55','2023-08-16 20:54:00',210,'ㄹㅇㅋㅋ'),(163,0,'117.111.28.34','취준','$2a$10$95EOEzW4OwpaLsBrFC2D6O4V64WyqxCspnGif/1TTt1/a3epoD8qS',NULL,0,'2023-08-09 16:25:53',NULL,209,'갓테크..'),(164,1,'117.111.28.34','ssafy','$2a$10$wsLUSefd7bonIT8geUeEF.O9ICM2E72/MUm0ADPFfIpdU0DXSfF4q',138,0,'2023-08-09 16:29:13',NULL,202,'없었어...?'),(165,0,'117.111.28.34','ssafy','$2a$10$raaAQhwGLsBcFqKmjqq2KuV62zo/IE9aRP/tAD9EMm4iO8kCTZA0C',NULL,0,'2023-08-09 16:29:56',NULL,210,'용범님 존잘?'),(166,0,'117.111.28.34','ssafy','$2a$10$3OIsuD28ns7Y4AcNRr2gV.SB9JX6PFh7vO280cMKZW.rUl0NLE1Oi',NULL,0,'2023-08-09 16:34:04',NULL,210,'ㅇㅇ 존잘'),(167,0,'117.111.28.34','3반 김용범','$2a$10$ZuPPLy58fOFeGZ7JvYaMPuXIAzXiorfnvBzzE7o9rNVh5CaqYksVi',NULL,0,'2023-08-09 16:34:26',NULL,210,'나예요 ㅋ'),(172,0,'58.141.147.156','뿡','$2a$10$YRVaY48eCPvUhZhayoOASukKGS3mFWAzvNCTimdl7BpXct8GsfP8S',NULL,0,'2023-08-10 22:22:29',NULL,214,'여기까지 냄새나는거 같아요'),(173,0,'39.119.132.100','똥','$2a$10$xjM/o/X5Hw1mxIFyhVelD.NLoQvqjO7Usj429/Urb4Q74ebLx4OTy',NULL,1,'2023-08-11 20:59:01','2023-08-16 20:52:53',216,'황밸이다...'),(174,0,'220.123.151.121','ssafy','$2a$10$kLZVMJnYKnFd4hTGLaJc5.poNH5FqapynlrodF4ZkRuURljmzMChW',NULL,1,'2023-08-13 17:15:42','2023-08-14 17:33:15',218,'dd'),(175,1,'220.123.151.121','ssafy','$2a$10$1Hgbyma5AbM9jt3YKzjFq.V153Ju1uBIxxMiWRMhILvWP3NPf5ELS',174,1,'2023-08-13 17:15:48','2023-08-14 17:33:15',218,'asd'),(176,0,'220.123.151.121','리팩토링','$2a$10$73tUocv7feIJFA8mHSJ1yeSeSJcUuY1S1Epoc0Etv6cQm3KjfcDK2',NULL,1,'2023-08-13 17:20:45','2023-08-14 17:33:15',218,'리팩토링 됨?'),(177,1,'220.123.151.121','리팩토링2','$2a$10$lcMf5R/lWpf8/x8e8U/7vOAN1Y627uLPGSDbPTOt1bTi9lEqm5H2G',176,1,'2023-08-13 17:21:01','2023-08-14 17:33:15',218,'1차적으로는 된듯'),(178,0,'211.192.210.164','ㅇㅇ','$2a$10$XPmroK8pCPSDC8X5Pad7D.zp839/i0hAy96p.G4HJ12CGsQv5zJfO',NULL,1,'2023-08-16 16:09:51','2023-08-18 02:02:59',221,'선택...못하겠다...'),(179,0,'223.62.149.9','ssafy','$2a$10$OkGqEurw46Nzor5Ilc1ZX.PajneHN8b89kklwWCzZKnP6BJlLEWZO',NULL,0,'2023-08-18 03:37:32',NULL,219,'금'),(180,0,'223.62.149.9','ssafy','$2a$10$8a0T6iJd.ppA/BzItP2ULuoKjpXOdnCUxvR45IstiUGySbRjIVjmC',NULL,0,'2023-08-18 03:38:31',NULL,215,'이럴바엔ㅎ'),(181,0,'223.62.149.9','ssafy','$2a$10$2FmrRJBhEos6pcc/eVj9YuMkT173mu49jdE4cs8g/KN8u/vpld9lu',NULL,0,'2023-08-18 05:07:59',NULL,212,'전 애인이 상사...?'),(182,1,'223.62.149.9','ssafy','$2a$10$tLPJtxijkuO/mFk5AWA4b.PlliRdIiUo/EMPh9HtsO7LE.D1M.SR2',172,0,'2023-08-18 05:08:15',NULL,214,'킁킁....'),(183,0,'121.152.179.84','싸피생','$2a$10$qV3TS87xo7xGIZ.mEB9FReatmHDCrMMGBqvHB9CDa1JUx0ZQUUqnK',NULL,0,'2023-08-18 07:20:09',NULL,219,'나도 쉬고싶돵 '),(184,0,'121.152.179.84','비듬샴푸','$2a$10$ib5QjDfXjQWuSlIZreaW2eLFtzVXXZxMKOrgTUNitx93.7zYj4pbe',NULL,0,'2023-08-18 07:20:28',NULL,214,'말만 들어도 간지러워'),(185,1,'14.50.47.147','케로로','$2a$10$8iiz8S9gXEufiVIf6aXZpOCe4Magcg6hVlXmIUE.AJpfNKN2T5RIa',181,0,'2023-08-18 08:38:50',NULL,212,'중사는 어떠신지요...');
/*!40000 ALTER TABLE `comment` ENABLE KEYS */;
UNLOCK TABLES;

--
-- Table structure for table `equipment`
--

DROP TABLE IF EXISTS `equipment`;
/*!40101 SET @saved_cs_client     = @@character_set_client */;
/*!50503 SET character_set_client = utf8mb4 */;
CREATE TABLE `equipment` (
  `equipment_seq` bigint NOT NULL AUTO_INCREMENT,
  `region` varchar(10) NOT NULL,
  `created_date` datetime NOT NULL DEFAULT CURRENT_TIMESTAMP,
  PRIMARY KEY (`equipment_seq`)
) ENGINE=InnoDB AUTO_INCREMENT=2 DEFAULT CHARSET=utf8mb4 COLLATE=utf8mb4_0900_ai_ci;
/*!40101 SET character_set_client = @saved_cs_client */;

--
-- Dumping data for table `equipment`
--

LOCK TABLES `equipment` WRITE;
/*!40000 ALTER TABLE `equipment` DISABLE KEYS */;
INSERT INTO `equipment` VALUES (1,'대전','2023-08-01 10:54:04');
/*!40000 ALTER TABLE `equipment` ENABLE KEYS */;
UNLOCK TABLES;

--
-- Table structure for table `game`
--

DROP TABLE IF EXISTS `game`;
/*!40101 SET @saved_cs_client     = @@character_set_client */;
/*!50503 SET character_set_client = utf8mb4 */;
CREATE TABLE `game` (
  `game_seq` bigint NOT NULL AUTO_INCREMENT,
  `board_seq` bigint NOT NULL,
  `question` varchar(100) DEFAULT NULL,
  `left_answer` varchar(100) NOT NULL,
  `right_answer` varchar(100) NOT NULL,
  `date` date DEFAULT NULL,
  `created_date` datetime NOT NULL DEFAULT CURRENT_TIMESTAMP,
  `left_amount` int DEFAULT '0',
  `right_amount` int DEFAULT '0',
  `nickname` varchar(20) DEFAULT NULL,
  `datetime` datetime DEFAULT NULL,
  PRIMARY KEY (`game_seq`),
  KEY `fk_board_id_idx` (`board_seq`),
  CONSTRAINT `fk_board_id` FOREIGN KEY (`board_seq`) REFERENCES `board` (`board_seq`) ON DELETE CASCADE ON UPDATE CASCADE
) ENGINE=InnoDB AUTO_INCREMENT=65 DEFAULT CHARSET=utf8mb4 COLLATE=utf8mb4_0900_ai_ci;
/*!40101 SET character_set_client = @saved_cs_client */;

--
-- Dumping data for table `game`
--

LOCK TABLES `game` WRITE;
/*!40000 ALTER TABLE `game` DISABLE KEYS */;
INSERT INTO `game` VALUES (46,190,'둘 중 더 싫은 상황은?','연차날 쏟아지는 업무 전화','퇴근 10분전 업무 받아서 야근','2023-08-08','2023-08-08 17:18:18',23,15,'김장호','2023-08-08 02:00:00'),(54,191,'싸피 최고 기수는 몇 기?!','구레잇 9기','텐션업 10기','2023-08-09','2023-08-09 13:13:14',55,36,'ssafy','2023-08-09 02:00:00'),(55,211,'면접 볼 때 더 최악의 상황은?','옆 사람이 넘사벽 스펙','면접관이 전 애인','2023-08-10','2023-08-10 11:11:58',21,39,'ssafy','2023-08-10 02:00:00'),(56,215,'더 피하고 싶은 애인의 성격은?','내가 하는 말 하나하나 의미부여해서 혼자 섭섭해 하는 애인','내가 하는 말 한귀로 흘려서 기억하는 거 하나도 없는 애인','2023-08-11','2023-08-11 09:40:13',30,20,'누구든연애나하고싶다','2023-08-11 14:00:00'),(60,219,'주4일제 출근한다면?','금토일 쉰다\n연속 3일 쉬기 개꿀이지','수 토일 쉰다!\n이틀출근 개꿀이지','2023-08-16','2023-08-16 20:40:35',0,0,'베짱이','2023-08-16 02:00:00'),(61,211,'더 최악의 상황은?','면접 볼 때 옆 사람이 넘사벽 스펙','면접 볼 때 면접관이 전 애인','2023-08-17','2023-08-17 09:23:14',18,7,'ssafy','2023-08-17 02:00:00'),(62,219,'주4일제 출근한다면?','금토일 쉰다\n연속 3일 쉬기 개꿀이지','수 토일 쉰다!\n이틀출근 개꿀이지','2023-08-18','2023-08-18 03:47:55',0,0,'베짱이','2023-08-18 14:00:00'),(64,214,'둘 중 하나를 선택해야 한다면','일주일 동안 머리 못 감기','일주일 동안 샤워 못하기','2023-08-18','2023-08-18 08:06:14',0,0,'꼬질이',NULL);
/*!40000 ALTER TABLE `game` ENABLE KEYS */;
UNLOCK TABLES;

--
-- Table structure for table `game_log`
--

DROP TABLE IF EXISTS `game_log`;
/*!40101 SET @saved_cs_client     = @@character_set_client */;
/*!50503 SET character_set_client = utf8mb4 */;
CREATE TABLE `game_log` (
  `plastic_seq` bigint NOT NULL AUTO_INCREMENT,
  `game_seq` bigint NOT NULL,
  `equipment_seq` bigint NOT NULL,
  `left_right` char(1) NOT NULL,
  `created_date` datetime DEFAULT CURRENT_TIMESTAMP,
  PRIMARY KEY (`plastic_seq`),
  KEY `fk_game_seq_idx` (`game_seq`),
  KEY `fk_log_equipment_idx` (`equipment_seq`),
  CONSTRAINT `fk_game_seq` FOREIGN KEY (`game_seq`) REFERENCES `game` (`game_seq`) ON DELETE CASCADE ON UPDATE CASCADE,
  CONSTRAINT `fk_log_equipment` FOREIGN KEY (`equipment_seq`) REFERENCES `equipment` (`equipment_seq`) ON DELETE CASCADE ON UPDATE CASCADE
) ENGINE=InnoDB AUTO_INCREMENT=488 DEFAULT CHARSET=utf8mb4 COLLATE=utf8mb4_0900_ai_ci;
/*!40101 SET character_set_client = @saved_cs_client */;

--
-- Dumping data for table `game_log`
--

LOCK TABLES `game_log` WRITE;
/*!40000 ALTER TABLE `game_log` DISABLE KEYS */;
INSERT INTO `game_log` VALUES (112,46,1,'R','2023-08-08 17:43:27'),(113,46,1,'R','2023-08-08 17:44:07'),(114,46,1,'R','2023-08-08 17:44:26'),(115,46,1,'R','2023-08-08 17:47:21'),(116,46,1,'R','2023-08-08 17:47:39'),(117,46,1,'R','2023-08-08 17:51:16'),(118,46,1,'R','2023-08-08 18:03:00'),(119,46,1,'R','2023-08-08 18:03:09'),(120,46,1,'R','2023-08-08 18:03:24'),(121,46,1,'R','2023-08-08 18:03:37'),(122,46,1,'R','2023-08-08 18:03:56'),(123,46,1,'R','2023-08-08 18:04:24'),(124,46,1,'R','2023-08-08 18:04:35'),(125,46,1,'R','2023-08-08 18:04:44'),(126,46,1,'R','2023-08-08 18:05:01'),(127,46,1,'L','2023-08-08 23:25:13'),(128,46,1,'L','2023-08-08 23:25:15'),(129,46,1,'L','2023-08-08 23:25:17'),(130,46,1,'L','2023-08-08 23:25:17'),(131,46,1,'L','2023-08-08 23:25:17'),(132,46,1,'L','2023-08-08 23:25:19'),(133,46,1,'L','2023-08-08 23:25:19'),(134,46,1,'L','2023-08-08 23:25:20'),(135,46,1,'L','2023-08-08 23:25:20'),(136,46,1,'L','2023-08-08 23:25:21'),(137,46,1,'L','2023-08-08 23:25:21'),(138,46,1,'L','2023-08-08 23:25:22'),(139,46,1,'L','2023-08-08 23:25:22'),(140,46,1,'L','2023-08-08 23:25:23'),(141,46,1,'L','2023-08-08 23:25:23'),(142,46,1,'L','2023-08-08 23:25:24'),(143,46,1,'L','2023-08-08 23:25:35'),(144,46,1,'L','2023-08-08 23:25:35'),(145,46,1,'L','2023-08-08 23:25:36'),(146,46,1,'L','2023-08-08 23:25:36'),(147,46,1,'L','2023-08-08 23:25:36'),(148,46,1,'L','2023-08-08 23:25:37'),(149,46,1,'L','2023-08-08 23:25:37'),(150,46,1,'R','2023-08-06 00:00:00'),(151,46,1,'L','2023-08-06 11:11:11'),(158,46,1,'R','2023-08-06 11:12:13'),(159,46,1,'L','2023-08-06 11:13:14'),(160,46,1,'L','2023-08-06 12:13:14'),(161,46,1,'L','2023-08-06 12:15:16'),(162,46,1,'R','2023-08-06 12:16:16'),(163,46,1,'L','2023-08-06 12:16:19'),(164,46,1,'L','2023-08-06 13:13:13'),(165,46,1,'L','2023-08-06 14:14:14'),(166,46,1,'R','2023-08-06 15:15:15'),(167,46,1,'L','2023-08-06 16:16:16'),(168,46,1,'L','2023-08-06 17:17:17'),(169,46,1,'L','2023-08-06 17:17:19'),(170,46,1,'L','2023-08-06 17:17:20'),(171,46,1,'L','2023-08-06 17:17:21'),(172,46,1,'L','2023-08-06 17:17:22'),(173,46,1,'L','2023-08-06 17:17:24'),(174,46,1,'L','2023-08-06 17:17:25'),(175,46,1,'L','2023-08-06 17:17:30'),(176,46,1,'L','2023-08-06 17:17:32'),(177,46,1,'L','2023-08-06 17:17:33'),(178,46,1,'R','2023-08-06 17:17:45'),(179,46,1,'R','2023-08-06 17:17:46'),(180,46,1,'R','2023-08-06 17:17:47'),(181,46,1,'L','2023-08-07 11:11:11'),(182,46,1,'L','2023-08-07 11:11:12'),(183,46,1,'L','2023-08-07 11:11:13'),(184,46,1,'L','2023-08-07 11:11:14'),(185,46,1,'L','2023-08-07 11:11:15'),(186,46,1,'L','2023-08-07 11:11:11'),(187,46,1,'L','2023-08-07 11:11:11'),(188,46,1,'L','2023-08-07 11:11:11'),(189,46,1,'L','2023-08-07 11:11:11'),(190,46,1,'L','2023-08-07 11:11:11'),(191,46,1,'L','2023-08-07 11:11:11'),(192,46,1,'L','2023-08-07 11:11:11'),(193,46,1,'L','2023-08-07 11:11:11'),(194,46,1,'L','2023-08-07 11:11:11'),(195,46,1,'L','2023-08-07 11:11:11'),(196,46,1,'L','2023-08-07 11:11:11'),(197,46,1,'L','2023-08-05 11:11:11'),(198,46,1,'L','2023-08-05 11:11:11'),(199,46,1,'L','2023-08-05 11:11:11'),(200,46,1,'L','2023-08-05 11:11:11'),(201,46,1,'L','2023-08-05 11:11:11'),(202,46,1,'L','2023-08-05 11:11:11'),(203,46,1,'L','2023-08-05 11:11:11'),(204,46,1,'L','2023-08-05 11:11:11'),(205,46,1,'L','2023-08-05 11:11:11'),(206,46,1,'L','2023-08-05 11:11:11'),(207,46,1,'L','2023-08-05 11:11:11'),(208,46,1,'L','2023-08-05 11:11:11'),(209,46,1,'L','2023-08-05 11:11:11'),(210,46,1,'L','2023-08-05 11:11:11'),(211,46,1,'L','2023-08-05 11:11:11'),(212,46,1,'L','2023-08-05 11:11:11'),(213,46,1,'L','2023-08-05 11:11:11'),(214,46,1,'L','2023-08-05 11:11:11'),(215,46,1,'L','2023-08-05 11:11:11'),(216,46,1,'L','2023-08-04 11:11:11'),(217,46,1,'R','2023-08-04 11:11:11'),(218,54,1,'R','2023-08-09 13:13:53'),(219,54,1,'L','2023-08-09 13:13:59'),(220,54,1,'L','2023-08-09 13:27:15'),(221,54,1,'R','2023-08-09 13:28:08'),(222,54,1,'L','2023-08-09 13:28:11'),(223,54,1,'R','2023-08-09 13:28:15'),(224,54,1,'L','2023-08-09 13:28:18'),(225,54,1,'L','2023-08-09 13:28:26'),(226,54,1,'R','2023-08-09 13:28:40'),(227,54,1,'R','2023-08-09 13:28:46'),(228,54,1,'R','2023-08-09 13:28:51'),(229,54,1,'L','2023-08-09 13:30:52'),(230,54,1,'R','2023-08-09 13:31:08'),(231,54,1,'L','2023-08-09 13:31:23'),(232,54,1,'L','2023-08-09 13:49:52'),(233,54,1,'L','2023-08-09 13:49:59'),(234,54,1,'R','2023-08-09 13:50:58'),(235,54,1,'R','2023-08-09 13:51:16'),(236,54,1,'L','2023-08-09 13:56:09'),(237,54,1,'R','2023-08-09 13:56:38'),(238,54,1,'L','2023-08-09 13:56:59'),(239,54,1,'L','2023-08-09 13:57:43'),(240,54,1,'L','2023-08-09 13:58:58'),(241,54,1,'L','2023-08-09 13:59:11'),(242,54,1,'R','2023-08-09 13:59:58'),(243,54,1,'L','2023-08-09 14:01:22'),(244,54,1,'L','2023-08-09 14:01:30'),(245,54,1,'L','2023-08-09 14:02:04'),(246,54,1,'L','2023-08-09 14:02:10'),(247,54,1,'L','2023-08-09 14:03:38'),(248,54,1,'L','2023-08-09 14:04:21'),(249,54,1,'R','2023-08-09 14:05:05'),(250,54,1,'R','2023-08-09 14:05:55'),(251,54,1,'L','2023-08-09 14:06:07'),(252,54,1,'L','2023-08-09 14:06:34'),(253,54,1,'R','2023-08-09 14:08:59'),(254,54,1,'R','2023-08-09 14:10:14'),(255,54,1,'L','2023-08-09 14:12:02'),(256,54,1,'R','2023-08-09 14:12:04'),(257,54,1,'L','2023-08-09 14:13:02'),(258,54,1,'R','2023-08-09 14:13:14'),(259,54,1,'L','2023-08-09 14:14:41'),(260,54,1,'R','2023-08-09 14:14:47'),(261,54,1,'R','2023-08-09 14:17:13'),(262,54,1,'L','2023-08-09 14:17:15'),(263,54,1,'R','2023-08-09 14:26:45'),(264,54,1,'L','2023-08-09 14:31:52'),(265,54,1,'L','2023-08-09 14:32:33'),(266,54,1,'R','2023-08-09 14:32:54'),(267,54,1,'R','2023-08-09 14:34:12'),(268,54,1,'R','2023-08-09 14:35:08'),(269,54,1,'L','2023-08-09 14:35:46'),(270,54,1,'R','2023-08-09 14:36:52'),(271,54,1,'R','2023-08-09 14:37:03'),(272,54,1,'L','2023-08-09 14:37:05'),(273,54,1,'L','2023-08-09 14:37:11'),(274,54,1,'R','2023-08-09 14:37:19'),(275,54,1,'L','2023-08-09 14:39:06'),(276,54,1,'L','2023-08-09 14:39:33'),(277,54,1,'R','2023-08-09 14:39:39'),(278,54,1,'L','2023-08-09 14:42:44'),(279,54,1,'L','2023-08-09 14:47:45'),(280,54,1,'L','2023-08-09 14:47:53'),(281,54,1,'L','2023-08-09 14:48:41'),(282,54,1,'R','2023-08-09 14:55:18'),(283,54,1,'R','2023-08-09 14:55:23'),(284,54,1,'L','2023-08-09 14:59:16'),(285,54,1,'R','2023-08-09 14:59:28'),(286,54,1,'L','2023-08-09 14:59:36'),(287,54,1,'L','2023-08-09 14:59:42'),(288,54,1,'L','2023-08-09 15:01:10'),(289,54,1,'L','2023-08-09 15:05:20'),(290,54,1,'R','2023-08-09 15:05:34'),(291,54,1,'L','2023-08-09 15:05:58'),(292,54,1,'L','2023-08-09 15:12:41'),(293,54,1,'R','2023-08-09 15:15:03'),(294,54,1,'L','2023-08-09 15:17:45'),(295,54,1,'R','2023-08-09 15:22:49'),(296,54,1,'R','2023-08-09 15:22:56'),(297,54,1,'L','2023-08-09 15:32:08'),(298,54,1,'L','2023-08-09 15:39:54'),(299,54,1,'L','2023-08-09 15:40:33'),(300,54,1,'R','2023-08-09 15:40:45'),(301,54,1,'L','2023-08-09 15:44:36'),(302,54,1,'L','2023-08-09 15:45:02'),(303,54,1,'L','2023-08-09 15:45:07'),(304,54,1,'L','2023-08-09 15:45:13'),(305,54,1,'L','2023-08-09 15:45:26'),(306,54,1,'R','2023-08-09 15:46:01'),(307,54,1,'L','2023-08-09 15:46:12'),(308,54,1,'L','2023-08-09 15:48:25'),(309,55,1,'L','2023-08-10 11:14:34'),(310,55,1,'R','2023-08-10 11:15:09'),(311,55,1,'L','2023-08-10 11:15:25'),(312,55,1,'R','2023-08-10 11:15:39'),(313,55,1,'R','2023-08-10 11:29:00'),(314,55,1,'R','2023-08-10 11:30:28'),(315,55,1,'L','2023-08-10 11:30:33'),(316,55,1,'L','2023-08-10 11:31:53'),(317,55,1,'L','2023-08-10 11:32:34'),(318,55,1,'L','2023-08-10 11:33:29'),(319,55,1,'L','2023-08-10 11:46:47'),(320,55,1,'R','2023-08-10 11:46:54'),(321,55,1,'L','2023-08-10 11:47:01'),(322,55,1,'R','2023-08-10 12:02:53'),(323,55,1,'R','2023-08-10 12:03:31'),(324,55,1,'R','2023-08-10 12:03:40'),(325,55,1,'R','2023-08-10 12:05:42'),(326,55,1,'L','2023-08-10 12:09:03'),(327,55,1,'R','2023-08-10 12:09:12'),(328,55,1,'R','2023-08-10 12:09:19'),(329,55,1,'L','2023-08-10 12:09:21'),(330,55,1,'R','2023-08-10 12:09:25'),(331,55,1,'R','2023-08-10 12:10:03'),(332,55,1,'R','2023-08-10 12:12:07'),(333,55,1,'R','2023-08-10 12:12:40'),(334,55,1,'R','2023-08-10 12:13:33'),(335,55,1,'R','2023-08-10 12:13:55'),(336,55,1,'R','2023-08-10 12:14:21'),(337,55,1,'R','2023-08-10 12:14:32'),(338,55,1,'L','2023-08-10 12:16:33'),(339,55,1,'R','2023-08-10 12:16:47'),(340,55,1,'R','2023-08-10 12:17:12'),(341,55,1,'R','2023-08-10 12:20:17'),(342,55,1,'R','2023-08-10 12:20:54'),(343,55,1,'L','2023-08-10 12:23:16'),(344,55,1,'R','2023-08-10 12:25:19'),(345,55,1,'R','2023-08-10 12:28:44'),(346,55,1,'R','2023-08-10 12:33:33'),(347,55,1,'L','2023-08-10 12:42:31'),(348,55,1,'L','2023-08-10 12:48:03'),(349,55,1,'L','2023-08-10 12:51:07'),(350,55,1,'R','2023-08-10 12:51:14'),(351,55,1,'L','2023-08-10 12:52:41'),(352,55,1,'R','2023-08-10 12:53:42'),(353,55,1,'R','2023-08-10 12:58:28'),(354,55,1,'R','2023-08-10 13:01:38'),(355,55,1,'L','2023-08-10 13:14:22'),(356,55,1,'R','2023-08-10 13:22:59'),(357,55,1,'L','2023-08-10 14:02:15'),(358,55,1,'R','2023-08-10 14:12:42'),(359,55,1,'R','2023-08-10 14:21:30'),(360,55,1,'R','2023-08-10 14:23:59'),(361,55,1,'L','2023-08-10 14:45:20'),(362,55,1,'R','2023-08-10 14:51:56'),(363,55,1,'R','2023-08-10 15:02:22'),(364,55,1,'R','2023-08-10 15:22:53'),(365,55,1,'L','2023-08-10 16:12:43'),(366,55,1,'R','2023-08-10 16:12:43'),(367,55,1,'L','2023-08-10 16:13:07'),(368,55,1,'R','2023-08-10 16:13:13'),(369,56,1,'L','2023-08-11 10:07:19'),(370,56,1,'R','2023-08-11 10:07:28'),(371,56,1,'L','2023-08-11 10:07:45'),(372,56,1,'R','2023-08-11 10:07:46'),(373,56,1,'L','2023-08-11 10:08:05'),(374,56,1,'R','2023-08-11 10:41:41'),(375,56,1,'L','2023-08-11 10:55:55'),(376,56,1,'R','2023-08-11 10:59:21'),(377,56,1,'R','2023-08-11 10:59:57'),(378,56,1,'R','2023-08-11 11:00:16'),(379,56,1,'R','2023-08-11 11:00:31'),(380,56,1,'L','2023-08-11 11:06:29'),(381,56,1,'L','2023-08-11 11:06:45'),(382,56,1,'R','2023-08-11 11:12:44'),(383,56,1,'L','2023-08-11 11:16:22'),(384,56,1,'R','2023-08-11 11:16:23'),(385,56,1,'R','2023-08-11 11:24:28'),(386,56,1,'R','2023-08-11 11:52:17'),(387,56,1,'L','2023-08-11 11:52:41'),(388,56,1,'L','2023-08-11 11:53:35'),(389,56,1,'R','2023-08-11 11:58:29'),(390,56,1,'L','2023-08-11 11:58:51'),(391,56,1,'L','2023-08-11 11:58:59'),(392,56,1,'L','2023-08-11 12:15:54'),(393,56,1,'R','2023-08-11 12:23:23'),(394,56,1,'R','2023-08-11 12:27:23'),(395,56,1,'L','2023-08-11 12:27:29'),(396,56,1,'L','2023-08-11 12:28:32'),(397,56,1,'L','2023-08-11 12:32:54'),(398,56,1,'R','2023-08-11 12:37:56'),(399,56,1,'L','2023-08-11 12:42:03'),(400,56,1,'L','2023-08-11 12:44:00'),(401,56,1,'R','2023-08-11 12:44:23'),(402,56,1,'L','2023-08-11 12:54:49'),(403,56,1,'R','2023-08-11 12:54:53'),(404,56,1,'L','2023-08-11 13:09:55'),(405,56,1,'L','2023-08-11 13:14:13'),(406,56,1,'R','2023-08-11 13:40:12'),(407,56,1,'R','2023-08-11 13:52:15'),(408,56,1,'R','2023-08-11 13:55:07'),(409,56,1,'L','2023-08-11 13:56:56'),(410,56,1,'L','2023-08-11 13:57:01'),(411,56,1,'L','2023-08-11 13:57:52'),(412,56,1,'L','2023-08-11 14:02:21'),(413,56,1,'L','2023-08-11 14:20:36'),(414,56,1,'L','2023-08-11 14:21:12'),(415,56,1,'L','2023-08-11 14:29:39'),(416,56,1,'L','2023-08-11 14:33:59'),(417,56,1,'L','2023-08-11 14:43:10'),(418,56,1,'L','2023-08-11 14:44:14'),(419,61,1,'L','2023-08-17 13:49:21'),(420,61,1,'R','2023-08-17 13:49:48'),(421,61,1,'L','2023-08-17 13:51:17'),(422,61,1,'L','2023-08-17 14:15:11'),(423,61,1,'L','2023-08-17 14:20:14'),(424,61,1,'L','2023-08-17 14:20:47'),(425,61,1,'L','2023-08-17 14:21:16'),(426,61,1,'R','2023-08-17 14:21:24'),(427,61,1,'R','2023-08-17 14:21:44'),(428,61,1,'L','2023-08-17 14:23:28'),(429,61,1,'R','2023-08-17 14:24:05'),(430,61,1,'R','2023-08-17 14:29:38'),(431,61,1,'L','2023-08-17 14:35:20'),(432,61,1,'L','2023-08-17 14:36:30'),(433,61,1,'L','2023-08-17 14:40:58'),(434,61,1,'L','2023-08-17 14:41:19'),(435,61,1,'R','2023-08-17 14:43:41'),(436,61,1,'L','2023-08-17 14:48:13'),(437,61,1,'R','2023-08-17 15:00:12'),(438,61,1,'L','2023-08-17 15:21:55'),(439,61,1,'L','2023-08-17 15:22:26'),(440,61,1,'L','2023-08-17 15:23:31'),(441,61,1,'L','2023-08-17 15:23:47'),(442,61,1,'L','2023-08-17 15:24:45'),(443,61,1,'L','2023-08-17 15:24:54'),(444,61,1,'R','2023-08-16 11:11:11'),(445,61,1,'R','2023-08-16 12:11:11'),(446,61,1,'L','2023-08-16 12:30:11'),(447,61,1,'L','2023-08-16 13:11:11'),(448,61,1,'R','2023-08-16 13:33:11'),(449,61,1,'L','2023-08-16 14:44:11'),(450,61,1,'R','2023-08-16 14:55:11'),(451,61,1,'L','2023-08-16 16:11:19'),(452,61,1,'R','2023-08-15 11:11:11'),(453,61,1,'R','2023-08-15 12:11:11'),(454,61,1,'R','2023-08-15 12:22:22'),(455,61,1,'R','2023-08-15 13:33:33'),(456,61,1,'L','2023-08-15 14:44:44'),(457,61,1,'L','2023-08-15 15:55:55'),(458,61,1,'L','2023-08-15 17:17:17'),(459,61,1,'L','2023-08-14 11:11:11'),(460,61,1,'L','2023-08-14 11:11:11'),(461,61,1,'L','2023-08-14 11:11:11'),(462,61,1,'L','2023-08-14 11:11:11'),(463,61,1,'L','2023-08-14 11:11:11'),(464,61,1,'L','2023-08-14 11:11:11'),(465,61,1,'L','2023-08-14 11:11:11'),(466,61,1,'L','2023-08-14 11:11:11'),(467,61,1,'L','2023-08-14 11:11:11'),(468,61,1,'L','2023-08-14 11:11:11'),(469,61,1,'L','2023-08-14 11:11:11'),(470,61,1,'R','2023-08-13 11:11:11'),(471,61,1,'R','2023-08-13 11:11:11'),(472,61,1,'R','2023-08-13 11:11:11'),(473,61,1,'R','2023-08-12 11:11:11'),(474,61,1,'R','2023-08-12 11:11:11'),(475,61,1,'R','2023-08-12 11:11:11'),(476,61,1,'R','2023-08-12 11:11:11'),(477,61,1,'R','2023-08-12 11:11:11'),(478,61,1,'R','2023-08-12 11:11:11'),(479,61,1,'R','2023-08-12 11:11:11'),(480,61,1,'R','2023-08-12 11:11:11'),(481,61,1,'R','2023-08-12 11:11:11'),(482,61,1,'R','2023-08-12 11:11:11'),(483,61,1,'R','2023-08-12 11:11:11'),(484,61,1,'R','2023-08-12 11:11:11'),(485,61,1,'R','2023-08-12 11:11:11'),(486,61,1,'R','2023-08-12 11:11:11'),(487,61,1,'R','2023-08-12 11:11:11');
/*!40000 ALTER TABLE `game_log` ENABLE KEYS */;
UNLOCK TABLES;

--
-- Table structure for table `manager`
--

DROP TABLE IF EXISTS `manager`;
/*!40101 SET @saved_cs_client     = @@character_set_client */;
/*!50503 SET character_set_client = utf8mb4 */;
CREATE TABLE `manager` (
  `manager_seq` tinyint NOT NULL AUTO_INCREMENT,
  `id` varchar(20) NOT NULL,
  `password` varchar(64) NOT NULL,
  `login_date` datetime DEFAULT NULL,
  `created_date` datetime NOT NULL DEFAULT CURRENT_TIMESTAMP,
  `role` varchar(5) NOT NULL DEFAULT 'admin',
  PRIMARY KEY (`manager_seq`)
) ENGINE=InnoDB AUTO_INCREMENT=55 DEFAULT CHARSET=utf8mb4 COLLATE=utf8mb4_0900_ai_ci;
/*!40101 SET character_set_client = @saved_cs_client */;

--
-- Dumping data for table `manager`
--

LOCK TABLES `manager` WRITE;
/*!40000 ALTER TABLE `manager` DISABLE KEYS */;
INSERT INTO `manager` VALUES (15,'dkel06','$2a$10$ONW3FluYVQxOh.3WH48uGuyr0cM1ghrIRdHz2FpFa90VxPy.LgBFC',NULL,'2023-08-01 19:48:02','ADMIN'),(45,'ssafy1','$2a$10$dPUPU.DcJck1LoMFSudZiOZIYzTb1Tngu74O85h/y8mQMmHpiIpnG',NULL,'2023-08-06 18:20:25','ADMIN'),(51,'pjt-common','$2a$10$vR//XD03/4NE27HOFAk3V.av.sJmEVFcdup27F7EFwqYqxSCgx3zq',NULL,'2023-08-17 20:43:16','SUPER'),(52,'ssafy','$2a$10$b3s/mpX.7eAHQFxc1EaAkuKEWm3.JZT4ZAoJcCf66RME6L02XHAwa',NULL,'2023-08-17 20:46:07','SUPER'),(53,'test','$2a$10$IEI7vycypWbCOb3VHP2gm.UmW5zm5bm663v6gAcNhNJo75p.9kuqO',NULL,'2023-08-17 21:20:23','ADMIN'),(54,'modtest','$2a$10$B59H0.CI1HepxhJPMF18L.73cIRbB1KL9r5BUQFhRXSnz4eFVWNxq',NULL,'2023-08-18 00:34:06','ADMIN');
/*!40000 ALTER TABLE `manager` ENABLE KEYS */;
UNLOCK TABLES;

--
-- Table structure for table `reservation`
--

DROP TABLE IF EXISTS `reservation`;
/*!40101 SET @saved_cs_client     = @@character_set_client */;
/*!50503 SET character_set_client = utf8mb4 */;
CREATE TABLE `reservation` (
  `reservation_seq` bigint NOT NULL AUTO_INCREMENT,
  `board_seq` bigint NOT NULL,
  `datetime` datetime NOT NULL,
  `manager_id` varchar(20) NOT NULL,
  PRIMARY KEY (`reservation_seq`),
  KEY `board_seq_idx` (`board_seq`),
  CONSTRAINT `board_seq` FOREIGN KEY (`board_seq`) REFERENCES `board` (`board_seq`)
) ENGINE=InnoDB AUTO_INCREMENT=55 DEFAULT CHARSET=utf8mb4 COLLATE=utf8mb4_0900_ai_ci;
/*!40101 SET character_set_client = @saved_cs_client */;

--
-- Dumping data for table `reservation`
--

LOCK TABLES `reservation` WRITE;
/*!40000 ALTER TABLE `reservation` DISABLE KEYS */;
INSERT INTO `reservation` VALUES (15,190,'2023-08-11 02:00:00','ssafy'),(17,191,'2023-08-09 14:00:00','ssafy'),(18,211,'2023-08-10 02:00:00','ssafy'),(20,215,'2023-08-11 02:00:00','ssafy'),(21,215,'2023-08-11 14:00:00','ssafy'),(22,216,'2023-08-12 14:00:00','hacking'),(23,216,'2023-08-12 02:00:00','hacking'),(24,216,'2023-08-12 02:00:00','hacking'),(25,216,'2023-08-12 02:00:00','hacking'),(26,215,'2023-08-12 02:00:00','hacking'),(27,215,'2023-08-12 14:00:00','hacking'),(30,215,'2023-08-12 02:00:00','ssafy'),(31,214,'2023-08-13 02:00:00','ssafy'),(32,214,'2023-08-13 14:00:00','ssafy'),(33,214,'2023-08-13 14:00:00','ssafy'),(34,214,'2023-08-14 02:00:00','ssafy'),(35,214,'2023-08-15 02:00:00','ssafy'),(37,219,'2023-08-15 14:00:00','ssafy'),(38,219,'2023-08-15 14:00:00','ssafy'),(39,219,'2023-08-15 14:00:00','ssafy'),(41,220,'2023-08-16 14:00:00','ssafy'),(42,219,'2023-08-17 14:00:00','ssafy'),(43,216,'2023-08-17 02:00:00','ssafy'),(44,216,'2023-08-16 02:00:00','ssafy'),(45,211,'2023-08-18 02:00:00','ssafy'),(52,215,'2023-08-20 02:00:00','ssafy'),(53,214,'2023-08-18 02:00:00','ssafy'),(54,214,'2023-08-18 14:00:00','ssafy');
/*!40000 ALTER TABLE `reservation` ENABLE KEYS */;
UNLOCK TABLES;

--
-- Dumping events for database 'commonpjt'
--

--
-- Dumping routines for database 'commonpjt'
--
/*!40103 SET TIME_ZONE=@OLD_TIME_ZONE */;

/*!40101 SET SQL_MODE=@OLD_SQL_MODE */;
/*!40014 SET FOREIGN_KEY_CHECKS=@OLD_FOREIGN_KEY_CHECKS */;
/*!40014 SET UNIQUE_CHECKS=@OLD_UNIQUE_CHECKS */;
/*!40101 SET CHARACTER_SET_CLIENT=@OLD_CHARACTER_SET_CLIENT */;
/*!40101 SET CHARACTER_SET_RESULTS=@OLD_CHARACTER_SET_RESULTS */;
/*!40101 SET COLLATION_CONNECTION=@OLD_COLLATION_CONNECTION */;
/*!40111 SET SQL_NOTES=@OLD_SQL_NOTES */;

-- Dump completed on 2023-08-18  9:14:35
